LoyaltyID,Name,Birthday,Email
202256,Rachel Cannon,1961-02-22,browningtimothy@mckinney.com
202101,Jesse Fuentes,1969-06-24,mclaughlinamy@bates.com
202649,Shelby Nguyen,1967-08-24,gina34@bruce.com
202218,Darryl Perez,1989-12-15,austintiffany@gmail.com
202527,Lori Miller,1999-12-28,apowell@barrett.biz
202943,Ronald Perkins,2005-01-01,kendra15@whitaker.biz
202447,Caroline Hutchinson,1997-11-22,kingspencer@gmail.com
202643,Keith Wilcox,1968-09-15,lynnmarshall@campbell.com
202827,Daniel Larsen,1957-05-26,mariabrown@diaz.net
202109,Robert Smith,1983-07-06,scottjesus@ray.com
202788,Stephen Romero,1993-10-18,richardsonsteven@hotmail.com
202721,Gilbert Palmer,1997-04-16,mccarthychristine@burns.com
202149,Laura Wheeler,1947-12-20,kennethlawson@gmail.com
202360,Martha Leonard,1949-04-12,fowlertyler@yahoo.com
202675,Alex Brown,1977-08-05,vhuerta@williams-holden.info
202257,Scott Woods,1990-11-09,xrichard@gmail.com
202602,Mr. Jeremy Mendoza Jr.,1950-02-20,rachel74@gmail.com
202161,Deborah Valdez,1968-11-13,millerkatrina@durham.com
202271,Jerry Park,1963-02-24,michaelharris@white-wood.com
202234,David Parrish,1970-06-04,charlesrios@ball.com
202939,Stanley Campbell,1969-03-13,jeffery37@hotmail.com
202122,Pedro Hudson,1990-06-26,ejones@brown-moore.com
202308,Jaclyn Decker,1981-12-25,coffeytanner@sherman.info
202516,Nicole Thompson,1973-07-04,mossjason@hotmail.com
202971,Courtney Reynolds,2003-02-15,eric74@hotmail.com
202660,Katelyn Williams,1967-11-10,williamevans@gmail.com
202550,Robert Small,1993-09-27,troy41@ellis.com
202630,Alicia Smith,1970-07-15,salasandrea@wilson-rice.com
202537,Michael Riley,2000-09-20,morenomary@hotmail.com
202420,Matthew Bennett,1949-07-27,dchang@hotmail.com
202481,Eric Dean,1986-10-11,taylorrichardson@bell-simmons.com
202709,Thomas Ortega,2006-10-06,rebeccavasquez@jones-collins.org
202762,Dana Love,1955-07-19,johnhudson@walker.com
202246,Travis Garcia,1968-08-13,hannah74@moore.com
202514,Jared Garcia,1981-09-01,andrewbush@gmail.com
202956,George Rodriguez,1954-01-20,smithsteven@yahoo.com
202574,Michele Miller,1974-02-13,williamroy@hotmail.com
202160,Samuel Alexander,1954-12-04,rwashington@hotmail.com
202507,Austin Watson,1962-01-10,kathleen17@lutz.biz
202467,Rodney Gilbert,1993-05-22,amy46@jackson.com
202457,Cory Brennan,1964-11-04,hgraham@collins.com
202711,Connie Ortiz,1961-03-30,fcarroll@gmail.com
202328,Travis Davis,1955-01-03,kgonzalez@gmail.com
202169,Joshua Lane,1983-04-13,aaron71@cantrell.com
202282,Jonathan Jackson,1985-10-09,heather64@davis.info
202622,Eduardo Bailey,1997-05-02,kevinmason@clark.com
202379,Jordan Kent,1986-11-19,sharon06@yahoo.com
202323,Lori Bender,2005-03-06,william18@barton.com
202298,Sharon Buck,1998-12-25,benderrebecca@shields.biz
202993,Sarah Lambert,1943-12-30,vcombs@gmail.com
202387,Robert Singh,1985-10-28,mgrimes@vega.com
202261,Christina Martin,1967-11-19,ywoods@lee-palmer.net
202994,Keith Morrow,1979-04-13,kenneth53@gmail.com
202522,Kathryn Cooper,1980-10-06,uburns@yahoo.com
202559,Matthew Lawrence,1999-06-10,patriciatapia@patterson-thompson.org
202458,Rachel Tate,1948-01-20,debrawilliams@gmail.com
202825,Bryan Cole,1978-11-06,lesliemueller@gmail.com
202775,Amy Wilkinson,1984-08-05,bryan52@yahoo.com
202590,Erin Shah,1957-01-02,jessicarodriguez@patterson.com
202652,Richard Jones,1974-03-29,jonathansmith@chan.com
202211,Melissa Jones,1971-06-03,latoyayoung@hotmail.com
202321,Diana Clark,1953-09-14,jspence@gonzalez-herrera.info
202476,Derrick Nguyen,1984-10-20,gregorynancy@allen-williams.com
202468,Jerry Edwards,1974-06-22,matthewnorris@hotmail.com
202307,Tiffany Hall,1948-12-17,careycynthia@hotmail.com
202410,Erin Mcclain,1976-06-23,carlrichards@hotmail.com
202935,Natalie Becker,1990-04-28,danderson@gmail.com
202240,Susan Lee,1949-01-04,melissa68@yahoo.com
202513,Kim Brown,2003-12-12,qibarra@gmail.com
202915,Justin Williams,1946-10-06,timothy07@riley.com
202206,Julia Smith,2002-02-05,qcobb@gmail.com
202465,Scott Davis,1996-10-22,christopher22@rivera-vang.com
202796,Anthony Meyer,1954-08-30,istone@hotmail.com
202327,Alan Wallace,1960-05-21,stacey44@burns.com
202219,Kelly Patel,1946-06-21,kathleenpatterson@zamora-glass.org
202975,Tina Richard,1960-05-01,cynthia05@adams.com
202910,Evan Norris,1998-01-11,piercejill@gmail.com
202811,Wayne Delgado,1948-12-22,sarah02@schwartz.com
202490,Angel Vaughn,1984-07-05,michael88@farmer-pace.com
202576,Melinda Fritz,1976-09-10,dunlapterrence@thompson.com
202164,John Hansen,1952-11-07,birdhayley@brown.net
202736,Diana Curtis,1995-10-10,ashley41@jackson-hardy.com
202955,Sheila Robertson,1964-01-27,kayla71@gmail.com
202352,Richard Roach,1957-09-17,pjimenez@thomas.biz
202845,Timothy Baker,1959-09-28,stonerussell@miller.com
202135,Cynthia Hanson,1982-08-24,dustinhernandez@mason-gaines.net
202505,Jacqueline Wallace,1957-08-03,baldwinadam@hotmail.com
202728,Kelly Poole,2006-06-01,townsendjennifer@gmail.com
202131,Benjamin Webb,1964-09-09,charles26@morris.org
202759,Aaron Martin,2003-08-18,caleb09@yahoo.com
202822,Taylor Sullivan,1976-03-18,pbryant@yahoo.com
202191,Cory Hill,1979-04-13,francisco73@gmail.com
